[
    {
      "label": "salary",
      "note": "monthly salary",
      "category": "income",
      "type": "income",
      "amount": 5000,
      "date": "2024-06-25"
    },
    {
      "label": "groceries",
      "note": "weekly grocery shopping",
      "category": "food",
      "type": "expense",
      "amount": 150,
      "date": "2024-06-24"
    },
    {
      "label": "electricity bill",
      "note": "monthly electricity bill",
      "category": "utilities",
      "type": "expense",
      "amount": 100,
      "date": "2024-06-23"
    },
    {
      "label": "freelance work",
      "note": "payment for freelance project",
      "category": "income",
      "type": "income",
      "amount": 800,
      "date": "2024-06-22"
    },
    {
      "label": "rent",
      "note": "monthly rent payment",
      "category": "housing",
      "type": "expense",
      "amount": 1200,
      "date": "2024-06-21"
    },
    {
      "label": "gym membership",
      "note": "monthly gym fee",
      "category": "health",
      "type": "expense",
      "amount": 50,
      "date": "2024-06-20"
    },
    {
      "label": "restaurant",
      "note": "dinner at a restaurant",
      "category": "food",
      "type": "expense",
      "amount": 75,
      "date": "2024-06-19"
    },
    {
      "label": "internet bill",
      "note": "monthly internet bill",
      "category": "utilities",
      "type": "expense",
      "amount": 60,
      "date": "2024-06-18"
    },
    {
      "label": "transport",
      "note": "public transport pass",
      "category": "transport",
      "type": "expense",
      "amount": 40,
      "date": "2024-06-17"
    },
    {
      "label": "office supplies",
      "note": "stationery items for office",
      "category": "work",
      "type": "expense",
      "amount": 30,
      "date": "2024-06-16"
    },
    {
      "label": "concert tickets",
      "note": "tickets for a concert",
      "category": "entertainment",
      "type": "expense",
      "amount": 100,
      "date": "2024-06-15"
    },
    {
      "label": "car maintenance",
      "note": "annual car servicing",
      "category": "transport",
      "type": "expense",
      "amount": 200,
      "date": "2024-06-14"
    },
    {
      "label": "book purchase",
      "note": "buying a new book",
      "category": "education",
      "type": "expense",
      "amount": 25,
      "date": "2024-06-13"
    },
    {
      "label": "movie night",
      "note": "tickets for a movie",
      "category": "entertainment",
      "type": "expense",
      "amount": 30,
      "date": "2024-06-12"
    },
    {
      "label": "gift",
      "note": "birthday gift for a friend",
      "category": "gifts",
      "type": "expense",
      "amount": 50,
      "date": "2024-06-11"
    }
  ]